[
  {"i": [[310,16]],"o": 104},
  {"i": [[310,4]],"o": 105},
  {"i": [[310,4]],"o": 106},
  {"i": [[310,4]],"o": 107},
  {"i": [[311,16]],"o": 108},
  {"i": [[311,4]],"o": 109},
  {"i": [[311,4]],"o": 110},
  {"i": [[311,4]],"o": 111},
  {"i": [[312,16]],"o": 112},
  {"i": [[312,4]],"o": 113},
  {"i": [[312,4]],"o": 114},
  {"i": [[312,4]],"o": 115},

  {"i": [[301,1],[302,3]],"o": 305},
  {"i": [[301,1],[303,3]],"o": 306},
  {"i": [[301,1],[304,3]],"o": 307},

  {"i": [[301,6],[305,10]],"o": 201},
  {"i": [[301,6],[305,10]],"o": 211},
  {"i": [[301,6],[305,10]],"o": 221},
  {"i": [[301,6],[305,10]],"o": 231},
  {"i": [[301,6],[306,10]],"o": 202},
  {"i": [[301,6],[306,10]],"o": 212},
  {"i": [[301,6],[306,10]],"o": 222},
  {"i": [[301,6],[306,10]],"o": 232},
  {"i": [[301,6],[307,10]],"o": 203},
  {"i": [[301,6],[307,10]],"o": 213},
  {"i": [[301,6],[307,10]],"o": 223},
  {"i": [[301,6],[307,10]],"o": 233}
]
