{
    "Rat":{
        "name":"Rat",
        "kind":1,
        "attackMod": 1,
        "defenseMod": 1,
        "hpMod": 1,
        "xpMod": 1,
        "minLevel": 1,
        "maxLevel": 3,
        "aggroRange": 0,
        "attackRange": 1,
        "isAggressive": 0,
        "attackRateMod": 1,
        "reactionMod": 1,
        "moveSpeedMod": 2,
        "respawnMod": 1,
        "dropRate": 1,
        "spawnChance": 50,
        "dropBonus": 0,
        "spriteName": "rat",
        "idleSpeedMod": 1
    },
    "Crab":{
        "name":"Crab",
        "kind":2,
        "attackMod": 1.2,
        "defenseMod": 1.2,
        "hpMod": 1,
        "minLevel": 4,
        "maxLevel": 6,
        "aggroRange": 5,
        "attackRange": 1,
        "isAggressive": 0,
        "attackRateMod": 1,
        "reactionMod": 1,
        "moveSpeedMod": 2,
        "respawnMod": 1,
        "dropRate": 1,
        "spawnChance": 50,
        "dropBonus": 0,
        "spriteName": "crab",
        "idleSpeedMod": 1,
        "modDamage": {"hammer": 1.2, "axe": 1.0, "sword": 1.0, "bow": 0.8}
    },
    "Skeleton":{
        "name":"Skeleton",
        "kind":3,
        "attackMod": 1.1,
        "defenseMod": 1.1,
        "hpMod": 1.2,
        "minLevel": 7,
        "maxLevel": 9,
        "aggroRange": 2,
        "attackRange": 1,
        "isAggressive": 1,
        "attackRateMod": 1.5,
        "reactionMod": 1.5,
        "moveSpeedMod": 2,
        "respawnMod": 1,
        "dropRate": 1,
        "spawnChance": 50,
        "dropBonus": 0,
        "spriteName": "skeleton",
        "idleSpeedMod": 1,
        "modDamage": {"hammer": 1.2, "axe": 1.0, "sword": 1.0, "bow": 0.8}
    },
    "Goblin":{
        "name":"Goblin",
        "kind":4,
        "attackMod": 1.2,
        "defenseMod": 0.9,
        "hpMod": 0.9,
        "minLevel": 10,
        "maxLevel": 12,
        "aggroRange": 3,
        "attackRange": 1,
        "isAggressive": 1,
        "attackRateMod": 1,
        "reactionMod": 1,
        "moveSpeedMod": 2,
        "respawnMod": 1,
        "dropRate": 1,
        "spawnChance": 50,
        "dropBonus": 0,
        "spriteName": "goblin",
        "idleSpeedMod": 1
    },
    "Snake":{
        "name":"Snake",
        "kind":5,
        "attackMod": 1.4,
        "defenseMod": 1,
        "hpMod": 0.8,
        "minLevel": 13,
        "maxLevel": 15,
        "aggroRange": 3,
        "attackRange": 1,
        "isAggressive": 1,
        "attackRateMod": 1,
        "reactionMod": 1,
        "moveSpeedMod": 2,
        "respawnMod": 1,
        "dropRate": 1,
        "spawnChance": 50,
        "dropBonus": 0,
        "spriteName": "snek",
        "idleSpeedMod": 1,
        "modDamage": {"axe": 1.1, "sword": 1.1}
    },
    "Bat":{
        "name":"Bat",
        "kind":6,
        "attackMod": 1.3,
        "defenseMod": 1,
        "hpMod": 1,
        "minLevel": 16,
        "maxLevel": 18,
        "aggroRange": 6,
        "attackRange": 1,
        "isAggressive": 1,
        "attackRateMod": 1,
        "reactionMod": 1,
        "moveSpeedMod": 1,
        "respawnMod": 1,
        "dropRate": 1,
        "spawnChance": 50,
        "dropBonus": 0,
        "spriteName": "bat",
        "idleSpeedMod": 1,
        "modDamage": {"hammer": 0.8, "axe": 0.9, "sword": 0.9, "bow": 1.0}
    },
    "Skeleton2":{
        "name":"HardSkeleton",
        "kind":7,
        "attackMod": 1.3,
        "defenseMod": 1.3,
        "hpMod": 1.2,
        "minLevel": 19,
        "maxLevel": 21,
        "aggroRange": 2,
        "attackRange": 1,
        "isAggressive": 1,
        "attackRateMod": 2,
        "reactionMod": 2,
        "moveSpeedMod": 2,
        "respawnMod": 1,
        "dropRate": 1,
        "spawnChance": 50,
        "dropBonus": 0,
        "spriteName": "skeleton2",
        "idleSpeedMod": 1
    },
    "Ogre":{
        "name":"Ogre",
        "kind":8,
        "attackMod": 1.3,
        "defenseMod": 1.1,
        "hpMod": 1.3,
        "minLevel": 22,
        "maxLevel": 24,
        "aggroRange": 5,
        "attackRange": 1,
        "isAggressive": 1,
        "attackRateMod": 1,
        "reactionMod": 1,
        "moveSpeedMod": 2,
        "respawnMod": 1,
        "dropRate": 1,
        "spawnChance": 50,
        "dropBonus": 0,
        "spriteName": "ogre",
        "idleSpeedMod": 1
    },
    "Eye":{
        "name":"Eye",
        "kind":9,
        "attackMod": 1.4,
        "defenseMod": 1,
        "hpMod": 1,
        "minLevel": 25,
        "maxLevel": 29,
        "aggroRange": 3,
        "attackRange": 1,
        "isAggressive": 1,
        "attackRateMod": 1,
        "reactionMod": 1,
        "moveSpeedMod": 2,
        "respawnMod": 1,
        "dropRate": 1,
        "spawnChance": 50,
        "dropBonus": 0,
        "spriteName": "eye",
        "idleSpeedMod": 1
    },
    "Wizard":{
        "name":"Wizard",
        "kind":10,
        "attackMod": 1.4,
        "defenseMod": 1,
        "hpMod": 1,
        "minLevel": 30,
        "maxLevel": 34,
        "aggroRange": 6,
        "attackRange": 3,
        "isAggressive": 1,
        "attackRateMod": 1,
        "reactionMod": 1,
        "moveSpeedMod": 3,
        "respawnMod": 1,
        "dropRate": 1,
        "spawnChance": 50,
        "dropBonus": 0,
        "spriteName": "wizard",
        "idleSpeedMod": 1
    },
    "Spectre":{
        "name":"Spectre",
        "kind":11,
        "attackMod": 1.3,
        "defenseMod": 1.3,
        "hpMod": 1,
        "minLevel": 35,
        "maxLevel": 40,
        "aggroRange": 2,
        "attackRange": 2,
        "isAggressive": 1,
        "attackRateMod": 2,
        "reactionMod": 0.5,
        "moveSpeedMod": 2,
        "respawnMod": 1,
        "dropRate": 1,
        "spawnChance": 50,
        "dropBonus": 0,
        "spriteName": "spectre",
        "idleSpeedMod": 1
    },
    "DeathKnight":{
        "name":"DeathKnight",
        "kind":12,
        "attackMod": 1.5,
        "defenseMod": 1.5,
        "hpMod": 1.5,
        "minLevel": 41,
        "maxLevel": 50,
        "aggroRange": 4,
        "attackRange": 1,
        "isAggressive": 1,
        "attackRateMod": 2,
        "reactionMod": 0.5,
        "moveSpeedMod": 2,
        "respawnMod": 1,
        "dropRate": 1,
        "spawnChance": 50,
        "dropBonus": 0,
        "spriteName": "deathknight",
        "idleSpeedMod": 1
    }
}
