{
	"200000": {
		"npcKind": 0,
		"name": "Intro 1-1",
		"type": 1,
		"level": 0,
		"object": {"type": 2, "kind": 1, "count": 5},
		"gold": 30,
		"expMultiplier": 2
	},
	"200001": {
		"npcKind": 0,
		"name": "Intro 1-2",
		"type": 1,
		"level": 0,
		"object": {"type": 2, "kind": 1, "count": 10},
		"gold": 30
		},
	"200100": {
		"npcKind": 1,
		"name": "Intro 2",
		"type": 2,
		"level": 0,
		"object": {"type": 2, "kind": 1, "level": [0,5]},
		"object2": {"type": 4, "kind": 1, "count": 3, "chance": 20}
	},
	"200200": {
		"npcKind": 2,
		"name": "Intro 3",
		"type": 2,
		"level": 0,
		"object": {"type": 2, "kind": 1, "level": [0,5]},
		"object2": {"type": 4, "kind": 41, "count": 5, "chance": 20}
	},
	"200300": {
		"npcKind": 3,
		"name": "Intro 4",
		"type": 2,
		"level": 0,
		"object": {"type": 2, "kind": 2, "level": [3,5]},
		"object2": {"type": 4, "kind": 43, "count": 1, "chance": 5}
	},
	"200400": {
		"npcKind": 4,
		"name": "Intro 5",
		"type": 1,
		"level": 0,
		"object": {"type": 2, "kind": 2, "count": 10}
	},
	"200500": {
		"npcKind": 5,
		"name": "Intro 6",
		"type": 2,
		"level": 0,
		"object": {"type": 2, "kind": 2, "level": [5,6]},
		"object2": {"type": 4, "kind": 31, "count": 5, "chance": 15}
	},
	"200600": {
		"npcKind": 6,
		"name": "Intro 7",
		"type": 5,
		"level": 0,
		"data1": 2,
		"object": {"type": 10, "kind": 3, "count": 5}
	},
	"200700": {
		"npcKind": 7,
		"name": "Intro 8",
		"type": 1,
		"level": 0,
		"object": {"type": 2, "kind": 3, "count": 10}
	},
	"200800": {
		"npcKind": 8,
		"name": "Intro 9",
		"type": 2,
		"level": 0,
		"object": {"type": 2, "kind": 3, "level": [7,11]},
		"object2": {"type": 4, "kind": 93, "count": 5, "chance": 15}
	},
	"200900": {
		"npcKind": 9,
		"name": "Intro 10",
		"type": 5,
		"level": 0,
		"data1": 1,
		"object": {"type": 10, "kind": 3, "count": 5}
	},
	"201000": {
		"npcKind": 10,
		"name": "Intro 11",
		"type": 1,
		"level": 0,
		"object": {"type": 2, "kind": 4, "count": 20},
		"reward": [{"itemKind": 100}]
	}
}
