[
{
    "name":"Beserker",
    "skillType":"self",
    "recharge": 30,
    "iconOffset": [1,7],
    "detail": "Beserker [l] - Boosts your attack by 2xlevel for 10 seconds,",
    "targetType": "self",
    "duration": 10,
    "effects": [["self", "start", "attack", 2], ["self", "end", "attack", 0]]
},
{
    "name":"Explosive Attack",
    "skillType":"attack",
    "recharge":10,
    "iconOffset": [3,12],
    "detail": "Explosive Attack [l] - Area of Effect up to 50 damage per level",
    "targetType": "enemy_aoe",
    "countTotal": 1,
    "aoe": 3,
    "effects": [["self", "start", "damage", 10], ["self", "end", "damage", 0]]
},
{
    "name":"Deadly Attack",
    "skillType":"attack",
    "recharge":10,
    "iconOffset": [4,7],
    "detail": "Deadly Attack [l] - Does an attack of up to 250 damage per level.",
    "targetType": "enemy",
    "countTotal": 1,
    "effects": [["self", "start", "damage", 50], ["self", "end", "damage", 0]]
},
{
    "name":"Daze",
    "skillType":"target",
    "recharge":30,
    "iconOffset": [0,12],
    "detail": "Daze [l] - Dazes the target for [dpl]% seconds.",
    "targetType": "enemy",
    "durationPL": 1,
    "effects": [["target", "start", "freeze", 1],["target", "end", "freeze", 0]]
},
{
    "name":"Shield",
    "skillType":"self",
    "recharge": 30,
    "iconOffset": [9,0],
    "detail": "Shied [l] - Boosts your defense by 2xlevel for 10 seconds.",
    "targetType": "self",
    "duration": 10,
    "effects": [["self", "start", "defense", 2], ["self", "end", "defense", 0]]
},
{
    "name":"Bandaid",
    "skillType":"self",
    "recharge": 30,
    "iconOffset": [11,4],
    "detail": "Bandaid [l] - Heals players 10hp per level per interval for 10 seconds.",
    "targetType": "self",
    "duration": 10,
    "effects": [["self", "interval", "hp", 20], ["self", "end", "hp", 0]]
},
{
    "name":"Healing",
    "skillType":"self",
    "recharge": 30,
    "iconOffset": [6,5],
    "detail": "Healing [l] - Heals players 7.5% per level.",
    "targetType": "self",
    "duration": 1,
    "effects": [["self", "start", "hp", 0.075], ["self", "end", "hp", 0]]
}
]
