[
  {
    "id": "block-cake",
    "width": 16,
    "height": 16,
    "animations": {
      "0_0": {
        "length": 1,
        "col": 0,
        "row": 0
      },
      "0_1": {
        "length": 1,
        "col": 1,
        "row": 0
      },
      "0_2": {
        "length": 1,
        "col": 2,
        "row": 0
      },
      "1_0": {
        "length": 1,
        "col": 0,
        "row": 1
      },
      "1_1": {
        "length": 1,
        "col": 1,
        "row": 1
      },
      "1_2": {
        "length": 1,
        "col": 2,
        "row": 1
      }
    },
    "offset_x": 0,
    "offset_y": 0,
    "file": "block_0.png"
  }
]
