[
  {
    "id": "nodeset1",
    "width": 16,
    "height": 16,
    "animations": {
      "node1": {
        "length": 1,
        "col": 0,
        "row": 0
      },
      "node2": {
        "length": 1,
        "col": 0,
        "row": 1
      },
      "node3": {
        "length": 1,
        "col": 0,
        "row": 2
      },
      "node4": {
        "length": 1,
        "col": 0,
        "row": 3
      },
      "node5": {
        "length": 1,
        "col": 0,
        "row": 4
      },
      "node6": {
        "length": 1,
        "col": 0,
        "row": 5
      },
      "node7": {
        "length": 1,
        "col": 0,
        "row": 6
      },
      "node8": {
        "length": 1,
        "col": 0,
        "row": 7
      },
      "node9": {
        "length": 1,
        "col": 0,
        "row": 8
      },
      "node10": {
        "length": 1,
        "col": 0,
        "row": 9
      },
      "node11": {
        "length": 1,
        "col": 0,
        "row": 10
      },
      "node12": {
        "length": 1,
        "col": 0,
        "row": 11
      }
    },
    "offset_x": 0,
    "offset_y": 0,
    "file": "misc/nodeset1.png"
  },
  {
    "id": "nodeset2",
    "width": 16,
    "height": 16,
    "animations": {
      "node1": {
        "length": 1,
        "col": 0,
        "row": 0
      },
      "node2": {
        "length": 1,
        "col": 0,
        "row": 1
      },
      "node3": {
        "length": 1,
        "col": 0,
        "row": 2
      },
      "node4": {
        "length": 1,
        "col": 0,
        "row": 3
      }
    },
    "offset_x": 0,
    "offset_y": 0,
    "file": "misc/nodeset2.png"
  },
  {
    "id": "nodeset3",
    "width": 32,
    "height": 32,
    "animations": {
      "node1": {
        "length": 3,
        "col": 0,
        "row": 0
      },
      "node2": {
        "length": 1,
        "col": 0,
        "row": 1
      }
    },
    "offset_x": 0,
    "offset_y": 0,
    "file": "misc/nodeset3.png"
  }

]
