{
    "webexe_settings": {
        "blacklist": ".git/*\n.git\n\n",
        "custom_script": "",
        "download_dir": "",
        "export_dir": "D:\\WORKSPACE\\rro2",
        "force_download": false,
        "linux-x32": false,
        "linux-x64": false,
        "mac-x64": false,
        "nw_compression_level": 0,
        "nw_version": "0.33.3",
        "output_pattern": "",
        "sdk_build": false,
        "uncompressed_folder": true,
        "whitelist": "",
        "windows-x32": true,
        "windows-x64": false
    }
}